id,value
TechNotes,
TechNotes.houseKeeping,
TechNotes.houseKeeping.lisp,
TechNotes.houseKeeping.lisp.emacslisp,
TechNotes.houseKeeping.lisp.emacslisp.orgmode
TechNotes.houseKeeping.lisp.racket,
TechNotes.houseKeeping.lisp.racket.pollen
TechNotes.houseKeeping.lisp.racket.scribble
TechNotes.houseKeeping.python,
TechNotes.houseKeeping.python.numpy
TechNotes.houseKeeping.python.matplotlib
TechNotes.houseKeeping.python.scipy
TechNotes.houseKeeping.python.scrapy
TechNotes.houseKeeping.python.sklearn
TechNotes.houseKeeping.python.nltk
TechNotes.houseKeeping.javascript,
TechNotes.houseKeeping.javascript.d3js
TechNotes.houseKeeping.javascript.node,
TechNotes.houseKeeping.javascript.node.yarn
TechNotes.houseKeeping.javascript.node.gulp
TechNotes.houseKeeping.javascript.node.jeet
TechNotes.houseKeeping.javascript.node.SCSS
TechNotes.houseKeeping.javascript.node.pug
TechNotes.houseKeeping.writing,
TechNotes.houseKeeping.writing.markdown
TechNotes.houseKeeping.writing.orgmode
TechNotes.houseKeeping.writing.LaTeX
TechNotes.houseKeeping.writing.pollenMarkup
TechNotes.houseKeeping.omegaT
TechNotes.Urd,
TechNotes.Urd.gene,
TechNotes.Urd.gene.alignment,
TechNotes.Urd.gene.alignment.blast
TechNotes.Urd.gene.PCR
TechNotes.Urd.gene.mutagenesis
TechNotes.Urd.protein,
TechNotes.Urd.protein.purification,
TechNotes.Urd.protein.purification.AKTA
TechNotes.Urd.protein.Structure,
TechNotes.Urd.protein.Structure.activeSite
TechNotes.Urd.protein.Structure.Stability
TechNotes.Urd.protein.Structure.Expression
TechNotes.Urd.experimentDesign
TechNotes.Urd.experimentDesign.taguchMethods
TechNotes.Verdandi,
TechNotes.Verdandi.computerAssisted,
TechNotes.Verdandi.computerAssisted.SVMs
TechNotes.Verdandi.computerAssisted.PPI
TechNotes.Verdandi.biomarkers,
TechNotes.Verdandi.biomarkers.cancers
TechNotes.Verdandi.biomarkers.PPI,
TechNotes.Verdandi.biomarkers.PPI.weka
TechNotes.Verdandi.biomarkers.SVMs
TechNotes.Verdandi.reportingSystem,
TechNotes.Verdandi.reportingSystem.PDF,
TechNotes.Verdandi.reportingSystem.PDF.XeLaTex
TechNotes.Verdandi.reportingSystem.PDF.racket/Scribble
TechNotes.Verdandi.reportingSystem.HTML,
TechNotes.Verdandi.reportingSystem.HTML.racket/Pollen
TechNotes.Verdandi.reportingSystem.HTML.pug+Markdown
TechNotes.Verdandi.reportingSystem.HTML.django
TechNotes.Verdandi.reportingSystem.writingRobot
TechNotes.Skuld,
TechNotes.Skuld.DataVis,
TechNotes.Skuld.DataVis.d3js
TechNotes.Skuld.DataVis.python
TechNotes.Skuld.DataVis.R
TechNotes.Skuld.SmartContract,
TechNotes.Skuld.SmartContract.Solidity
TechNotes.Skuld.SmartContract.Javascript
TechNotes.Skuld.SmartContract.WebAssembly
TechNotes.Skuld.SmartContract.python
TechNotes.Skuld.MachineLearning,
TechNotes.Skuld.MachineLearning.SVMs
TechNotes.Skuld.MachineLearning.RandomForest
TechNotes.Skuld.MachineLearning.DecisionTree
